Turn,#animals,#food,avgAE,avgET,avgH,avgV,avgML,avgL,avgFE,avgGen,maxAE,maxET,maxH,maxV,maxML,maxFE,maxGen,minAE,minET,minH,minV,minML,minFE,minGen,totalAE,totalFE,totalE,totalCombat
0,100,600,13.175,52.7,4.89,11.88,24.14,0.0,49.85,0.0,24.75,99.0,9.0,14.0,49.0,99.0,0,0.25,1.0,1.0,10.0,1.0,1.0,0,1317.5,29910.0,31227.5,0.0
1,97,1128,43.96649484536083,52.31958762886598,4.938144329896907,11.876288659793815,24.855670103092784,1.9175257731958764,51.10793439716312,0.0,111.75,99.0,9.0,14.0,49.0,99.0,0,0.25,1.0,1.0,10.0,2.0,1.0,0,4264.75,57649.75,61914.5,89.0
2,116,1110,47.59375,50.35344827586207,5.068103448275862,11.78396551724138,26.094827586206897,3.310344827586207,50.512837837837836,0.20689655172413793,185.75,99.0,9.0,14.0,49.0,109.75,1,0.25,1.0,1.0,9.94,5.0,0.25,0,5520.875,56069.25,61590.125,184.0
3,145,1097,48.07446120689655,49.61379310344827,5.012413793103449,11.882758620689655,25.70344827586207,3.5310344827586206,49.671661349134,0.41379310344827586,144.25,99.0,9.0,14.06,49.0,108.75,2,1.15625,1.0,0.9,9.94,5.0,0.75,0,6970.796875,54489.8125,61460.609375,165.0
4,170,1071,55.503170955882354,47.99411764705882,5.185294117647058,11.846705882352941,25.69705882352941,3.7594117647058827,49.66142915499533,0.6,156.0,99.0,9.0,14.06,49.0,107.75,2,1.15625,1.0,0.9,9.94,4.5,0.578125,0,9435.5390625,53187.390625,62622.9296875,185.1
5,214,1065,50.104683849299064,47.5,5.098130841121494,11.8592523364486,25.827102803738317,3.6172897196261684,49.276643192488265,0.8551401869158879,180.0625,99.0,9.1,14.06,49.0,136.5,3,0.2890625,1.0,0.8,9.879999999999999,4.5,1.0,0,10722.40234375,52479.625,63202.02734375,204.0
6,257,1045,54.0835625911965,44.6147859922179,5.12217898832685,11.83377431906615,26.40077821011673,4.233073929961089,48.38714114832536,1.066147859922179,178.5,99.0,9.1,14.06,49.0,135.5,4,0.2890625,1.0,0.8,9.879999999999999,4.5,1.0,0,13899.4755859375,50564.5625,64464.0380859375,302.6
7,299,1038,52.06107108329849,44.06020066889632,5.1043478260869595,11.830367892976591,26.842809364548494,4.349498327759197,48.68488454359345,1.294314381270903,176.125,99.0,9.1,14.120000000000001,49.0,134.5,4,0.2890625,1.0,0.8,9.819999999999999,4.5,1.0,0,15566.26025390625,50534.91015625,66101.17041015625,558.4
8,341,1025,54.634141312316714,43.02052785923754,5.041642228739006,11.856774193548386,27.576246334310852,5.292961876832844,48.27434737042683,1.4721407624633431,195.25,99.0,9.1,14.120000000000001,49.0,133.5,4,1.25,1.0,0.8,9.819999999999999,4.5,1.0,0,18630.2421875,49481.2060546875,68111.4482421875,689.8
9,375,923,56.74761197916666,44.67733333333333,4.925866666666671,11.861760000000002,27.656,6.249066666666667,48.059189421384076,1.648,204.65625,99.0,9.1,14.120000000000001,49.0,195.25,4,1.316162109375,1.0,0.8,9.819999999999999,4.0,0.25,0,21280.3544921875,44358.6318359375,65638.986328125,1015.3000000000001
10,429,834,51.814451559995995,44.34965034965035,4.932400932400933,11.877995337995335,28.06177156177156,6.441025641025638,48.61309565628747,1.9254079254079255,149.96875,99.0,9.1,14.120000000000001,48.5,194.25,5,1.316162109375,1.0,0.8,9.819999999999999,4.0,0.25,0,22228.39971923828,40543.32177734375,62771.72149658203,1157.4
11,481,725,50.885183734854145,43.482328482328484,4.9675675675675715,11.882619542619551,28.146569646569645,6.682536382536382,49.45236429148707,2.1205821205821205,173.0546875,99.0,9.1,14.120000000000001,48.5,193.25,5,1.56396484375,1.0,0.7000000000000001,9.819999999999999,4.0,1.0,0,24475.773376464844,35852.964111328125,60328.73748779297,1060.2
12,531,631,50.03396784608198,43.03578154425612,5.033333333333342,11.900225988700571,28.370998116760827,7.414312617702448,49.5880542882082,2.3145009416195856,183.37109375,98.0,9.2,14.120000000000001,48.5,192.25,6,1.0826416015625,1.0,0.7000000000000001,9.819999999999999,4.0,0.316162109375,0,26568.03692626953,31290.062255859375,57858.099182128906,1474.0
13,577,557,46.76839741883699,42.78162911611785,5.124610051993074,11.914731369150783,28.848353552859617,8.008145580589254,50.90400934133752,2.5043327556325825,161.33203125,98.0,9.2,14.120000000000001,48.5,191.25,6,1.15478515625,1.0,0.7000000000000001,9.819999999999999,4.0,0.53125,0,26985.365310668945,28353.533203125,55338.898513793945,1737.2
14,589,468,47.87804701696632,42.24787775891341,5.096095076400688,11.92353140916809,29.561969439728355,9.25534804753821,53.84149222088675,2.6502546689303905,162.26171875,98.0,9.2,14.120000000000001,48.5,190.25,6,1.112548828125,1.0,0.7000000000000001,9.819999999999999,4.0,1.0,0,28200.169692993164,25197.818359375,53397.988052368164,2149.9
15,603,441,45.75142516583748,43.38971807628524,5.08971807628525,11.903217247097846,30.551409618573796,10.228026533996685,53.079075612178464,2.7960199004975124,214.71484375,98.0,9.2,14.120000000000001,48.5,189.25,6,1.199615478515625,1.0,0.7000000000000001,9.819999999999999,4.5,1.0,0,27588.109375,23407.872344970703,50995.9817199707,2419.1
16,593,379,49.86498337049307,43.284991568296796,5.0735244519393055,11.870792580101194,30.84822934232715,11.072512647554804,52.08249618006885,2.947723440134907,183.8212890625,98.0,9.1,14.120000000000001,49.0,214.71484375,6,0.5998077392578125,1.0,0.7000000000000001,9.819999999999999,4.5,1.22509765625,0,29569.935138702393,19739.266052246094,49309.201190948486,2406.2
17,597,376,46.293752516933424,42.551088777219434,5.0619765494137425,11.843149078726956,31.870184254606365,11.563484087102188,51.910172198681124,3.103852596314908,229.6171875,98.0,9.1,14.120000000000001,49.0,213.71484375,6,0.577392578125,1.0,0.7000000000000001,9.819999999999999,4.5,0.546875,0,27637.370252609253,19518.2247467041,47155.594999313354,2645.6
18,593,365,44.28159581871097,40.97807757166948,5.153625632377747,11.81639123102867,32.55817875210793,12.101517706576734,52.804983625020064,3.296795952782462,229.6171875,97.0,9.1,14.120000000000001,49.0,212.71484375,7,0.5998077392578125,1.0,0.8,9.819999999999999,4.5,0.10400390625,0,26258.986320495605,19273.819023132324,45532.80534362793,2309.2
19,593,354,40.94528315240175,37.29510961214165,5.244013490725135,11.807858347386178,33.100337268128165,12.742833052276552,55.69687079305703,3.5042158516020234,206.021484375,97.0,9.1,14.120000000000001,49.0,211.71484375,7,0.36881256103515625,1.0,0.8,9.819999999999999,4.5,0.56396484375,0,24280.552909374237,19716.692260742188,43997.245170116425,2567.8
20,577,331,41.859628014589305,37.7001733102253,5.227902946273839,11.779618717504352,34.17677642980936,13.677296360485263,54.75832016878618,3.6273830155979203,249.822509765625,97.0,9.1,14.120000000000001,49.0,181.353515625,7,0.36881256103515625,1.0,0.8,9.819999999999999,5.0,0.3212890625,0,24153.00536441803,18125.003975868225,42278.009340286255,2663.7
21,563,339,38.610038931585756,35.761989342806395,5.2815275310834915,11.831900532859688,35.30905861456483,13.81119005328596,55.826871660958346,3.7957371225577266,249.822509765625,97.0,9.1,14.120000000000001,49.0,188.1295166015625,7,0.36881256103515625,1.0,0.8,9.819999999999999,4.5,0.33984375,1,21737.45191848278,18925.30949306488,40662.76141154766,2617.1
22,570,304,38.56033480559525,34.27017543859649,5.296491228070172,11.814035087719304,35.497368421052634,13.330701754385963,56.32943593828302,4.049122807017544,249.822509765625,97.0,9.1,14.120000000000001,48.5,179.359375,8,0.36881256103515625,1.0,0.8,9.819999999999999,4.5,0.065338134765625,1,21979.39083918929,17124.148525238037,39103.53936442733,2185.2
23,591,265,38.0460619262582,32.45177664974619,5.4055837563451785,11.84869712351946,35.78595600676819,13.442470389170895,56.891361660327554,4.241962774957699,209.0726318359375,97.0,9.1,14.180000000000001,48.5,178.359375,8,0.36881256103515625,1.0,0.9,9.819999999999999,4.5,1.434615135192871,1,22485.222598418593,15076.210839986801,37561.433438405395,2249.0
24,590,262,36.97303046029756,32.19491525423729,5.439152542372883,11.850474576271179,36.377966101694916,13.80796610169492,54.298815084038345,4.410169491525424,204.91009521484375,97.0,9.1,14.180000000000001,48.5,177.3642578125,9,0.36881256103515625,1.0,0.9,9.819999999999999,8.0,0.33167314529418945,1,21814.08797157556,14226.289552018046,36040.377523593605,2647.4
25,597,240,37.49667654083215,31.298157453936348,5.4797319932998345,11.814907872696821,36.47571189279732,13.506030150753764,51.08341317990174,4.633165829145729,205.3218994140625,97.0,9.1,14.180000000000001,48.5,176.353515625,10,0.6633462905883789,1.0,0.9,9.819999999999999,7.5,0.18580222129821777,1,22385.515894876793,12260.019163176417,34645.53505805321,2498.2
26,614,212,36.15008323414536,29.77687296416938,5.5338762214983745,11.852833876221492,36.60260586319218,14.02231270358305,52.97616579137602,4.827361563517916,204.91009521484375,97.0,9.1,14.180000000000001,48.5,193.51416015625,10,0.6633462905883789,1.0,0.9,9.819999999999999,7.5,0.6796875,1,22196.151105765253,11230.947147771716,33427.09825353697,2380.3
27,606,218,35.10415510080367,29.617161716171616,5.490759075907592,11.84874587458745,37.336633663366335,14.579372937293718,49.469377014683474,4.975247524752476,209.26324462890625,97.0,9.1,14.180000000000001,48.5,204.91009521484375,10,0.33167314529418945,1.0,0.9,9.819999999999999,7.5,0.18120098114013672,1,21273.117991087027,10784.324189200997,32057.442180288024,2976.4
28,596,211,32.839060056946416,28.674496644295303,5.455033557046982,11.832214765100673,37.66694630872483,14.967281879194637,52.8051073790188,5.166107382550336,268.92034912109375,97.0,9.1,14.180000000000001,48.5,182.6863670349121,10,0.33167314529418945,1.0,0.9,9.759999999999998,7.5,0.6697268486022949,1,19572.079793940065,11141.877656972967,30713.957450913033,3009.2
29,607,196,31.85387483312245,29.662273476112027,5.46177924217463,11.82490939044481,37.72652388797364,15.292257001647434,51.123280932452076,5.313014827018122,268.92034912109375,97.0,9.0,14.180000000000001,49.0,193.14991760253906,11,0.33167314529418945,1.0,0.9,9.759999999999998,7.5,0.2698974609375,1,19335.302023705328,10020.163062760606,29355.465086465934,2699.8
30,608,197,32.19471466972218,28.848684210526315,5.475328947368419,11.806842105263158,37.70559210526316,15.455592105263158,43.44391138880835,5.458881578947368,268.92034912109375,97.0,9.0,14.180000000000001,49.0,182.78496551513672,12,0.33167314529418945,1.0,0.9,9.759999999999998,7.5,0.3770027160644531,1,19574.386519191088,8558.450543595245,28132.837062786333,2773.6
31,597,198,33.08822703769818,28.127303182579563,5.473701842546063,11.786968174204357,37.496649916247904,15.73115577889447,36.41672500774189,5.678391959798995,268.92034912109375,97.0,9.1,14.240000000000002,49.0,212.771728515625,13,0.33167314529418945,1.0,0.9,9.759999999999998,8.5,0.6633462905883789,1,19753.671541505813,7210.511551532894,26964.183093038708,3045.2
32,584,178,32.13796938509897,28.195205479452056,5.47260273972603,11.81630136986302,37.54195205479452,16.505308219178083,39.380712579795826,5.873287671232877,268.92034912109375,97.0,9.1,14.240000000000002,49.0,211.771728515625,13,0.33167314529418945,1.0,0.9,9.699999999999998,9.0,0.4422237277030945,1,18768.5741208978,7009.766839203658,25778.340960101457,2853.1
33,553,197,30.095673656141564,27.94755877034358,5.445027124773958,11.842278481012647,37.888788426763114,15.713019891500906,40.733433728313294,6.054249547920434,221.41490173339844,97.0,9.1,14.240000000000002,49.0,210.771728515625,12,0.33167314529418945,1.0,0.9,9.699999999999998,9.0,0.40387725830078125,2,16642.907531846286,8024.4864444777195,24667.393976324005,2828.5
34,534,210,29.08398752030584,27.835205992509362,5.509737827715356,11.845018726591768,38.25,15.703370786516844,39.41130412049727,6.234082397003745,227.40189743041992,97.0,9.1,14.240000000000002,49.0,221.41490173339844,12,0.33167314529418945,1.0,0.9,9.699999999999998,8.5,0.021568849682807922,2,15530.849335843319,8276.373865304427,23807.223201147746,2409.5
35,520,203,27.93785788052589,25.767307692307693,5.571346153846151,11.836346153846147,38.715384615384615,15.812692307692306,40.91804298742994,6.440384615384615,276.2063751220703,97.0,9.1,14.180000000000001,49.0,207.3346939086914,12,0.628455638885498,1.0,0.9,9.699999999999998,8.5,0.00150395929813385,2,14527.686097873462,8306.362726448278,22834.04882432174,2420.2
36,522,186,28.433389023261984,24.697318007662837,5.6538314176245255,11.866130268199239,39.29597701149425,15.466283524904211,37.21725441995315,6.580459770114943,276.2063751220703,97.0,9.0,14.180000000000001,49.0,173.1807861328125,12,0.35362643003463745,1.0,0.9,9.699999999999998,10.5,0.025998711585998535,2,14842.229070142756,6922.409322111285,21764.63839225404,2195.1
37,524,182,26.654994885638764,23.837786259541986,5.667748091603056,11.91881679389313,39.35496183206107,15.032061068702278,37.45083963268777,6.799618320610687,276.2063751220703,95.0,9.0,14.180000000000001,49.0,206.21375179290771,13,0.35362643003463745,1.0,0.9,9.699999999999998,10.5,0.0691356360912323,3,13967.217320074713,6816.052813149174,20783.270133223887,2322.8
38,524,179,25.355745282316622,24.192748091603054,5.669274809160305,11.949694656488553,39.20706106870229,15.17442748091602,36.14257404905407,7.00763358778626,223.48259162902832,96.0,9.0,14.180000000000001,48.5,171.1807861328125,14,0.35362643003463745,1.0,1.0,9.699999999999998,10.0,0.18537598894909024,3,13286.410527933911,6469.5207547806785,19755.93128271459,2510.2
39,539,160,23.753312557842627,23.092764378478662,5.7317254174397005,11.941447124304279,39.37662337662338,16.077551020408155,38.088631279142156,7.233766233766234,223.48259162902832,96.0,9.0,14.180000000000001,49.0,210.2248878479004,14,0.3248895304277539,1.0,1.0,9.699999999999998,10.5,0.18537598894909024,3,12803.035468677175,6094.181004662745,18897.21647333992,2420.1
40,538,155,21.608307180070828,21.95167286245353,5.8650557620817905,11.9350185873606,39.284386617100374,16.121561338289972,42.26426573756128,7.4758364312267656,223.48259162902832,96.0,8.499999999999998,14.180000000000001,49.0,210.59047198295593,14,0.3248895304277539,1.0,1.0,9.699999999999998,10.5,0.1382712721824646,3,11625.269262878106,6550.961189321999,18176.230452200107,2420.8
41,520,164,22.589871954766554,21.630769230769232,5.892884615384612,11.965461538461536,39.75961538461539,16.758461538461543,35.09528282058085,7.617307692307692,231.878972530365,96.0,8.499999999999998,14.180000000000001,49.0,209.59047198295593,14,0.3248895304277539,1.0,1.0,9.759999999999998,11.0,0.5803058594465256,3,11746.733416478608,5755.626382575259,17502.35979905387,2572.2
42,529,154,21.467083834604885,20.62192816635161,6.023440453686201,12.010434782608684,39.92627599243856,16.338185255198496,33.876348891482756,7.837429111531191,223.48259162902832,94.0,8.499999999999998,14.180000000000001,49.0,208.59047198295593,12,0.3248895304277539,1.0,1.0,9.759999999999998,13.0,0.2901529297232628,3,11356.087348505984,5216.957729288344,16573.045077794326,2128.9
43,520,152,20.873652832790107,19.815384615384616,6.010961538461539,12.064615384615376,40.082692307692305,16.1075,32.57984569291496,8.038461538461538,208.42874950170517,94.0,8.499999999999998,14.180000000000001,49.0,223.48259162902832,13,0.3248895304277539,1.0,1.0,9.759999999999998,13.0,0.25927120400592685,3,10854.299473050856,4952.136545323074,15806.43601837393,2359.4
44,505,140,21.28956375685457,18.447524752475246,6.004752475247524,12.09493069306931,40.45148514851485,16.574455445544547,31.50247618039718,8.320792079207921,223.60431277164025,94.0,8.599999999999998,14.180000000000001,49.5,178.25966606289148,13,0.34490804746747017,1.0,1.0,9.759999999999998,13.0,0.07574363332241774,4,10751.229697211558,4410.346665255605,15161.576362467164,2771.4
45,507,132,20.628092581712067,16.927021696252467,6.0765285996055285,12.100670611439844,40.61143984220907,16.09684418145956,30.84677704597808,8.570019723865878,182.47405100334436,94.0,8.599999999999998,14.180000000000001,49.5,162.4861125946045,13,0.34490804746747017,1.0,1.0,9.759999999999998,13.0,0.6091452240943909,4,10458.442938928018,4071.7745700691066,14530.217508997124,2279.2
46,503,133,19.08924268256612,16.809145129224653,6.2159045725646145,12.128946322067591,40.97912524850894,16.460238568588455,31.317688130609213,8.751491053677933,165.4795791953802,94.0,8.599999999999998,14.240000000000002,49.5,176.19033670425415,13,0.34490804746747017,1.0,1.0,9.759999999999998,13.0,0.18890454177744687,4,9601.889069330759,4165.252521371025,13767.141590701784,2463.2
47,495,138,17.92810337291166,16.18989898989899,6.281010101010102,12.096080808080805,40.948484848484846,16.379191919191918,31.171115578933758,8.95959595959596,181.54323376715183,94.0,8.599999999999998,14.240000000000002,49.5,165.4795791953802,13,0.3442567382589914,1.0,1.0,9.759999999999998,13.0,0.06874021142721176,4,8874.411169591272,4301.613949892859,13176.025119484131,2436.7
48,490,124,18.30603615299205,15.461224489795919,6.234081632653062,12.087224489795918,40.984693877551024,16.336734693877542,29.697582577943255,9.181632653061225,181.54323376715183,94.0,8.599999999999998,14.240000000000002,49.5,140.30976724624634,13,0.3442567382589914,1.0,1.0,9.759999999999998,13.0,0.4202411121223122,4,8969.957714966104,3682.5002396649634,12652.457954631067,2063.5
49,491,132,16.91645971294519,14.240325865580449,6.254582484725057,12.08085539714867,40.85234215885947,16.31771894093687,27.953121049730353,9.439918533604889,159.3960337638855,94.0,8.599999999999998,14.240000000000002,49.5,133.55486828053836,13,0.3442567382589914,1.0,1.0,9.759999999999998,13.0,0.1738911271095276,4,8305.981719056088,3689.8119785644067,11995.793697620495,2430.7
50,486,130,17.14319969925435,14.074074074074074,6.265226337448569,12.10415637860083,40.87139917695473,16.908230452674896,23.869826105934113,9.606995884773662,141.651311787311,94.0,8.599999999999998,14.240000000000002,49.5,141.33632600470446,13,0.28126760304439813,1.0,1.0,9.759999999999998,20.0,0.13360853074118495,4,8331.595053837615,3103.077393771435,11434.67244760905,2356.0
51,478,138,16.429873602130595,14.399581589958158,6.356276150627621,12.178158995815899,41.08786610878661,16.910251046025095,21.902032727235365,9.755230125523013,134.39234838460106,94.0,8.599999999999998,14.240000000000002,49.0,140.33632600470446,13,0.28126760304439813,1.0,1.0,9.759999999999998,21.0,0.07983922204584815,4,7853.479581818425,3022.4805163584806,10875.960098176905,2654.9
52,471,141,14.687014646583613,13.73036093418259,6.347346072186843,12.15549893842888,41.55732484076433,17.090445859872627,24.31586013351509,9.993630573248408,201.51328986883163,94.0,8.599999999999998,14.240000000000002,49.5,139.33632600470446,14,0.28126760304439813,1.0,1.0,9.759999999999998,21.0,0.2951011990662664,4,6917.583898540882,3428.536278825628,10346.120177366509,2347.4
53,459,144,14.831038918529813,13.431372549019608,6.393028322440093,12.168191721132898,41.45533769063181,17.58888888888889,21.126967265960023,10.174291938997822,201.51328986883163,94.0,8.599999999999998,14.240000000000002,49.5,138.33632600470446,14,0.259979902755731,1.0,1.0,9.759999999999998,21.0,0.0623082351157791,4,6807.446863605184,3042.283286298243,9849.730149903427,2462.0
54,444,159,14.043384481725683,12.70945945945946,6.431306306306317,12.192387387387388,41.8704954954955,17.42635135135135,19.84789192621652,10.4009009009009,201.51328986883163,94.0,8.599999999999998,14.240000000000002,49.5,112.50242078304291,15,0.259979902755731,1.0,1.0,9.699999999999998,21.0,0.012345481081865728,5,6235.262709886203,3155.8148162684265,9391.07752615463,2403.7
55,437,133,14.10477955916989,11.844393592677346,6.416475972540053,12.214462242562941,42.03203661327231,17.159954233409614,21.612993667138518,10.613272311212814,239.82336195209427,94.0,8.599999999999998,14.240000000000002,49.5,201.51328986883163,15,0.259979902755731,1.0,1.0,9.699999999999998,21.0,0.09401155076920986,5,6163.788667357242,2874.5281577294227,9038.316825086666,1788.9
56,417,125,13.878915288902471,11.50599520383693,6.392326139088734,12.179280575539572,42.201438848920866,18.00503597122302,22.98126144573118,10.853717026378897,239.82336195209427,94.0,8.599999999999998,14.240000000000002,49.5,200.51328986883163,15,0.35527308789096423,1.0,1.0,9.699999999999998,21.0,0.48187463032081723,5,5787.50767547233,2872.657680716398,8660.165356188729,2218.8
57,410,122,13.3185533794897,11.012195121951219,6.396341463414642,12.146097560975617,42.385365853658534,17.32243902439025,22.66272770363901,11.053658536585365,417.64539939165115,87.0,8.699999999999998,14.240000000000002,49.5,135.00927011403837,15,0.29246929321982407,1.0,1.0,9.699999999999998,21.0,0.178679494158132,5,5460.606885590777,2764.852779843959,8225.459665434737,1946.3
58,398,113,13.123274717788053,10.140703517587939,6.293467336683421,12.095628140703521,42.314070351758794,17.183668341708543,22.733307278689352,11.261306532663317,417.64539939165115,87.0,8.699999999999998,14.120000000000001,49.5,134.00927011403837,15,0.29246929321982407,1.0,1.0,9.819999999999999,21.0,0.23137631142890314,5,5223.063337679645,2568.8637224918966,7791.927060171542,1861.9
59,410,116,11.604829130373293,10.309756097560976,6.258292682926835,12.036487804878044,42.135365853658534,15.811463414634144,20.772074833709468,11.480487804878049,208.82269969582558,87.0,8.699999999999998,14.06,49.5,133.00927011403837,15,0.2873737626600814,1.0,1.0,9.819999999999999,21.0,0.07423057779669762,6,4757.9799434530505,2409.560680710298,7167.540624163348,1717.7
60,433,82,12.057061147588142,10.540415704387991,6.2517321016166365,12.071639722863745,42.37528868360277,15.676905311778299,17.81987198753785,11.575057736720554,238.68384274840355,88.0,8.699999999999998,14.06,50.0,109.67117788689211,15,0.2873737626600814,1.0,1.0,9.819999999999999,21.0,0.003615615889430046,6,5220.707476905665,1461.2295029781037,6681.936979883769,1326.1
61,448,73,11.444852995645602,10.850446428571429,6.115401785714289,12.012633928571432,42.089285714285715,15.63303571428573,14.23246025632884,11.674107142857142,122.54371268089744,88.0,8.699999999999998,14.120000000000001,50.0,79.98703309893608,16,0.2873737626600814,1.0,1.0,9.759999999999998,21.0,0.33134165761975964,6,5127.29414204923,1038.9695987120053,6166.263740761235,1695.5
62,457,77,10.439167833267978,10.929978118161925,6.055579868708972,11.992122538293232,41.74617067833698,15.423632385120351,12.995641210173643,11.833698030634574,98.29136730284768,88.0,8.799999999999997,14.120000000000001,50.0,79.14344284958497,17,0.2873737626600814,1.0,1.0,9.759999999999998,21.5,0.16027339578590727,6,4770.6996998034665,1000.6643731833705,5771.364072986837,1840.5
63,449,72,9.43417251539933,10.57683741648107,6.028953229398659,11.969755011135867,41.645879732739424,16.16881959910914,17.844982555164165,11.997772828507795,98.29136730284768,88.0,8.799999999999997,14.120000000000001,50.0,91.09075966477394,17,0.2873737626600814,1.0,1.0,9.759999999999998,21.5,0.36938736323372723,6,4235.9434594142995,1284.83874397182,5520.782203386119,1927.1000000000001
64,433,93,8.921432487740045,9.764434180138569,6.069284064665129,11.965866050808323,41.953810623556585,16.806697459584292,15.684563987208865,12.196304849884527,117.34192137420177,88.0,8.799999999999997,14.120000000000001,50.0,98.29136730284768,17,0.2873737626600814,1.0,1.0,9.759999999999998,21.5,0.0770382717234952,6,3862.9802671914395,1458.6644508104243,5321.644718001864,2230.3
65,425,76,8.990832810189893,9.811764705882354,6.063294117647064,11.948988235294113,42.175294117647056,17.413647058823532,16.112750912465852,12.312941176470588,87.11158638566394,88.0,8.799999999999997,14.120000000000001,50.0,97.29136730284768,17,0.2873737626600814,1.0,0.9,9.759999999999998,21.5,0.15507743860570145,7,3821.1039443307045,1224.5690693474048,5045.67301367811,1711.2
66,398,87,8.785942885774372,9.77638190954774,6.052010050251259,11.952010050251252,42.33291457286432,17.42512562814071,15.269889974275973,12.452261306532664,113.53433855250478,88.0,8.799999999999997,13.759999999999998,50.0,96.29136730284768,17,0.2873737626600814,1.0,0.9,9.759999999999998,21.5,0.2873737626600814,7,3496.8052685382,1328.4804277620096,4825.28569630021,1965.4
67,390,67,8.911919671636495,9.784615384615385,6.094615384615382,11.944461538461534,42.238461538461536,17.638205128205126,16.14118912462439,12.615384615384615,113.53433855250478,88.0,8.899999999999997,13.759999999999998,50.0,98.73240876483919,17,0.2873737626600814,1.0,0.9,9.759999999999998,22.0,0.22241831477799678,7,3475.6486719382333,1081.459671349834,4557.108343288068,1467.1000000000001
68,386,66,8.578196702451141,9.176165803108809,6.107512953367874,11.953471502590665,42.21243523316062,18.104922279792746,14.964477412553068,12.847150259067357,98.3842728793962,88.0,8.899999999999997,13.759999999999998,50.0,113.53433855250478,17,0.2873737626600814,1.0,0.9,9.759999999999998,22.0,0.00919238233473152,7,3311.1839271461404,987.6555092285025,4298.839436374643,1613.6
69,370,75,7.661465853372919,8.943243243243243,6.181351351351356,11.980324324324325,42.497297297297294,17.592432432432428,16.886123963229625,13.008108108108107,129.5854353895411,88.0,8.899999999999997,13.420000000000003,50.0,112.53433855250478,17,0.29587133088534756,1.0,0.9,9.699999999999998,22.0,0.2873737626600814,7,2834.74236574798,1266.459297242222,4101.201662990202,1399.8
70,365,69,7.9360473103612765,8.517808219178082,6.132602739726029,11.987123287671231,42.821917808219176,18.36684931506848,14.9079885642515,13.221917808219178,129.5854353895411,88.0,8.899999999999997,13.420000000000003,50.0,111.53433855250478,18,0.29587133088534756,1.0,0.9,9.699999999999998,22.0,0.11936525079818239,8,2896.657268281866,1028.6512109333535,3925.3084792152194,1546.2
71,348,74,7.943889154571646,8.066091954022989,6.120977011494255,12.053908045977018,43.331896551724135,18.840517241379303,12.992716776747347,13.35632183908046,129.5854353895411,88.0,8.899999999999997,13.420000000000003,50.5,110.53433855250478,18,0.30070982545145375,1.0,0.9,9.699999999999998,22.0,0.29587133088534756,8,2764.4734257909327,961.4610414793036,3725.9344672702364,1447.2
72,361,64,7.341547801585266,8.124653739612189,6.126592797783935,12.050747922437674,43.37673130193906,18.058448753462603,12.665364538566937,13.529085872576177,121.32398764792015,88.0,8.899999999999997,13.420000000000003,50.5,75.92377550667152,18,0.30070982545145375,1.0,1.1,9.699999999999998,22.0,0.30372822911402864,8,2650.298756372281,810.583330468284,3460.8820868405646,1076.8
73,364,60,6.891432135954714,8.134615384615385,6.13214285714286,12.044615384615387,43.28434065934066,17.55329670329669,12.620168759258643,13.686813186813186,88.70464104483835,88.0,8.899999999999997,13.420000000000003,50.5,74.92377550667152,18,0.2749333584391658,1.0,1.6999999999999997,9.699999999999998,22.0,0.34605159780461037,8,2508.481297487516,757.2101255555186,3265.6914230430343,1091.3000000000002
74,352,60,6.739208668699731,8.059659090909092,6.112784090909091,12.04113636363637,43.4375,17.475852272727266,12.486979344368503,13.866477272727273,86.50644103065133,88.0,8.899999999999997,13.420000000000003,50.5,87.06368477646902,19,0.2749333584391658,1.0,1.6999999999999997,9.699999999999998,22.0,0.2546007671984256,8,2372.201451382305,749.2187606621102,3121.420212044415,1241.2
75,332,54,6.7960427054378725,7.813253012048193,6.053313253012048,12.014999999999995,43.31927710843374,18.186445783132523,14.051806530413804,14.021084337349398,117.2760960290907,88.0,8.899999999999997,13.420000000000003,50.5,86.06368477646902,19,0.2749333584391658,1.0,1.6999999999999997,9.699999999999998,22.0,0.30070982545145375,8,2256.2861782053737,758.7975526423454,3015.0837308477194,1406.5
76,324,60,6.495273542219373,8.38888888888889,6.139506172839505,12.004012345679014,43.01543209876543,19.067901234567895,12.171008086856016,14.08641975308642,89.5992525769434,88.0,8.899999999999997,13.420000000000003,50.5,85.06368477646902,19,0.2749333584391658,1.0,1.6999999999999997,9.699999999999998,22.0,0.2740354675188996,8,2104.4686276790767,730.260485211361,2834.7291128904376,1543.6000000000001
77,313,51,7.070433783241916,8.543130990415335,6.200958466453675,12.037124600638977,43.20607028753994,19.434824281150135,9.523022258419088,14.130990415335463,89.5992525769434,88.0,8.899999999999997,13.420000000000003,50.5,77.47688569300135,19,0.2749333584391658,1.0,1.6999999999999997,9.699999999999998,22.5,0.15313617661377066,8,2213.0457741547198,485.6741351793735,2698.7199093340932,1098.3
78,294,60,6.882930664090148,8.006802721088436,6.136054421768707,12.029047619047615,43.1156462585034,19.391496598639453,8.97562030371252,14.244897959183673,89.5992525769434,88.0,8.899999999999997,13.480000000000004,50.5,76.47688569300135,19,0.31686932958808,1.0,1.6999999999999997,9.699999999999998,22.5,0.26775479163575255,8,2023.5816152425036,538.5372182227511,2562.1188334652547,1213.7
79,285,55,6.364401320130116,7.814035087719298,6.167368421052628,12.061684210526316,43.526315789473685,19.371578947368413,10.882514291148176,14.326315789473684,75.94092862092691,88.0,8.899999999999997,13.480000000000004,50.5,75.47688569300135,19,0.26104774391561447,1.0,1.6999999999999997,9.699999999999998,22.5,0.12187501958592861,8,1813.854376237083,598.5382860131497,2412.3926622502327,982.1
80,270,52,6.393677325436271,7.718518518518518,6.1637037037037,12.082666666666666,43.62592592592593,19.372962962962955,11.120241226807558,14.411111111111111,75.16344253649004,88.0,8.899999999999997,13.480000000000004,50.5,75.94092862092691,19,0.26104774391561447,1.0,1.6999999999999997,9.699999999999998,22.5,0.1941477629001156,8,1726.292877867793,578.252543793993,2304.5454216617863,1026.0
81,258,42,6.895661253686409,7.391472868217054,6.17015503875969,12.141627906976742,43.98255813953488,20.354651162790702,9.934729080232149,14.492248062015504,81.0629705007243,88.0,8.899999999999997,13.540000000000004,50.5,73.47688569300135,19,0.26104774391561447,1.0,1.6999999999999997,9.699999999999998,23.0,0.4126253032077565,8,1779.0806034510936,417.25862136975024,2196.339224820844,836.2
82,237,59,5.597690626702146,7.194092827004219,6.137552742616029,12.171729957805901,43.78270042194093,19.30801687763713,12.338715326436592,14.60759493670886,38.397035042872176,88.0,8.999999999999996,13.540000000000004,50.5,81.0629705007243,19,0.28046875489648215,1.0,1.6999999999999997,9.699999999999998,24.0,0.0020547367248546777,9,1326.6526785284086,727.9842042597589,2054.6368827881674,1007.3
83,221,57,5.82277246746516,7.4434389140271495,6.077828054298638,12.175837104072396,43.93438914027149,19.210859728506794,11.68474253487716,14.760180995475114,76.7145891069704,88.0,8.999999999999996,13.540000000000004,50.5,80.0629705007243,19,0.28046875489648215,1.0,1.5999999999999996,9.699999999999998,24.0,0.1582230813158958,9,1286.8327153098005,666.0303244879981,1952.8630397977986,844.3
84,237,37,5.879294394420404,6.9113924050632916,5.976371308016871,12.162616033755272,43.93037974683544,19.200843881856546,11.563357854503469,14.966244725738397,103.21557022858178,56.0,8.999999999999996,13.540000000000004,50.5,67.76620826399596,20,0.28046875489648215,1.0,1.5999999999999996,9.699999999999998,24.0,0.18801545531049602,9,1393.3927714776357,427.8442406166283,1821.2370120942642,629.0
85,232,41,5.298350463133428,6.538793103448276,5.944396551724133,12.124655172413792,43.900862068965516,18.599568965517232,11.95819257352176,15.142241379310345,82.123991440623,56.0,8.999999999999996,13.540000000000004,50.5,76.7145891069704,20,0.26105379235614984,1.0,1.5999999999999996,9.699999999999998,24.0,0.11823404332927945,9,1229.2173074469551,490.28589551439217,1719.5032029613474,696.6999999999999
86,223,31,5.83963483039865,6.085201793721973,5.946188340807172,12.148968609865461,44.13677130044843,20.25336322869955,10.503735618132497,15.291479820627803,82.123991440623,33.0,8.799999999999997,13.540000000000004,50.5,37.335601237222455,20,0.26105379235614984,1.0,1.5999999999999996,9.759999999999998,24.0,0.5755442684044425,10,1302.2385671788988,325.6158041621074,1627.8543713410063,849.5
87,203,50,5.0061944819229085,6.211822660098522,5.853201970443343,12.094482758620682,43.87192118226601,21.065024630541874,10.418260159227005,15.32512315270936,69.6614590895165,33.0,8.899999999999997,13.540000000000004,50.5,82.123991440623,20,0.26105379235614984,1.0,1.5999999999999996,9.699999999999998,24.0,0.48189908025252187,10,1016.2574798303503,520.9130079613502,1537.1704877917005,1311.2
88,194,45,5.82497530186437,6.139175257731959,5.884020618556698,12.083505154639171,43.73453608247423,21.11237113402061,7.184042676206162,15.536082474226804,85.65799248061509,33.0,8.899999999999997,13.540000000000004,50.5,80.34064962105352,21,0.26105379235614984,1.0,1.5999999999999996,9.699999999999998,23.5,0.2754678204537484,10,1130.0452085616878,323.2819204292773,1453.327128990965,693.0
89,185,38,6.040831603554708,6.410810810810811,5.878378378378376,12.011891891891882,43.483783783783785,20.73351351351351,6.679313631588819,15.610810810810811,85.65799248061509,33.0,8.899999999999997,13.420000000000003,50.5,37.54599616497748,21,0.289074076212802,1.0,1.5999999999999996,9.699999999999998,23.5,0.26105379235614984,10,1117.553846657621,253.81391800037514,1371.3677646579963,675.2
90,176,38,5.603339856121227,6.284090909090909,5.9551136363636346,12.057954545454534,43.81534090909091,20.690909090909084,6.773082285456269,15.744318181818182,42.828996240307546,33.0,8.899999999999997,13.420000000000003,50.5,27.461415448135824,21,0.289074076212802,1.0,1.5999999999999996,9.699999999999998,23.5,0.22577229383554376,10,986.1878146773361,257.3771268473382,1243.5649415246744,693.1
91,172,40,5.003464021826371,6.180232558139535,6.038372093023253,12.053953488372084,43.95639534883721,18.827325581395353,7.265949094837083,15.970930232558139,43.053851125687025,33.0,8.899999999999997,13.420000000000003,50.0,38.024714309419494,21,0.27022751973035497,1.0,1.5999999999999996,9.699999999999998,23.5,0.31257260423933503,10,860.5958117541359,290.6379637934833,1151.2337755476192,559.1
92,171,40,4.906680237781023,6.111111111111111,6.024561403508765,12.017309941520463,44.14327485380117,18.99649122807018,5.855284971968581,16.116959064327485,43.053851125687025,33.0,8.899999999999997,13.420000000000003,50.0,37.024714309419494,21,0.27022751973035497,1.0,1.5999999999999996,9.699999999999998,24.5,0.02634000715033724,10,839.0423206605549,234.21139887874327,1073.2537195392981,663.8
93,163,35,4.555508350732484,5.96319018404908,5.979141104294473,11.989447852760735,44.125766871165645,19.036809815950917,7.641834436230956,16.245398773006134,38.01714315701366,33.0,8.899999999999997,13.420000000000003,50.0,36.024714309419494,22,0.27022751973035497,1.0,1.5999999999999996,9.699999999999998,24.5,0.11242744268973826,10,742.5478611693948,267.46420526808345,1010.0120664374782,730.2
94,150,35,4.7840102969357865,5.913333333333333,5.891333333333329,11.964933333333342,44.18666666666667,20.156666666666656,6.985322595356292,16.346666666666668,38.01714315701366,32.0,8.899999999999997,13.420000000000003,50.0,35.024714309419494,22,0.27022751973035497,1.0,1.5999999999999996,9.699999999999998,33.0,0.07780259918520471,11,717.601544540368,244.48629083747022,962.0878353778382,755.8000000000001
95,143,29,4.848599983802111,5.895104895104895,5.923776223776222,11.985594405594409,44.03496503496503,18.9041958041958,7.1146477922543365,16.48951048951049,39.84135686777154,32.0,8.899999999999997,13.480000000000004,50.5,34.024714309419494,22,0.27022751973035497,1.0,1.5999999999999996,9.699999999999998,33.0,0.2721150745684238,11,693.3497976837018,206.32478597537576,899.6745836590776,517.1
96,138,31,4.168263395665926,6.231884057971015,5.918115942028982,11.917681159420283,43.81159420289855,17.932608695652178,7.979684799000977,16.5,24.448406038765267,32.0,8.899999999999997,13.480000000000004,50.5,33.024714309419494,22,0.27022751973035497,1.0,1.5999999999999996,9.699999999999998,33.0,0.1545510574163773,11,575.2203486018979,247.3702287690303,822.5905773709281,523.2
97,140,23,4.239611659157,5.957142857142857,6.005714285714279,11.917999999999997,43.98571428571429,19.162857142857145,7.847736990028946,16.642857142857142,29.510434859325557,32.0,8.899999999999997,13.480000000000004,50.5,32.024714309419494,22,0.2547480925390989,1.0,1.5999999999999996,9.699999999999998,33.0,0.1359894042031482,11,593.54563228198,180.49795077066577,774.0435830526458,448.70000000000005
98,128,29,4.152914246937585,5.734375,6.183593749999994,11.945624999999998,44.25390625,18.87734375,7.389041262659399,16.8828125,47.017430220779644,32.0,8.899999999999997,13.480000000000004,50.5,46.884438215629075,22,0.2547480925390989,1.0,1.5999999999999996,9.699999999999998,33.0,0.4585566455293022,11,531.5730236080109,214.28219661712257,745.8552202251335,552.9
99,123,26,4.0039020242016194,5.829268292682927,6.307317073170725,11.959349593495933,44.46747967479675,17.926016260162605,7.380360894234132,16.853658536585368,29.3701213856797,32.0,8.899999999999997,13.480000000000004,50.5,65.80511664951484,22,0.2547480925390989,1.0,1.5999999999999996,9.699999999999998,33.0,0.29700893091416924,11,492.4799489767992,191.88938325008743,684.3693322268866,393.90000000000003
100,120,25,4.068897651671585,5.6,6.327499999999997,11.965833333333332,44.5375,18.302500000000013,6.067700000303112,17.016666666666666,73.73056870877701,32.0,8.899999999999997,13.480000000000004,50.5,23.508715110389822,22,0.2547480925390989,1.0,1.5999999999999996,9.699999999999998,33.0,0.250535723656677,11,488.26771820059014,151.6925000075778,639.9602182081679,451.2
101,115,21,4.444960719137856,5.469565217391304,6.414782608695648,11.998782608695654,44.404347826086955,18.807826086956524,4.454423791991467,17.139130434782608,73.73056870877701,31.0,8.899999999999997,13.480000000000004,50.5,12.901946278572723,22,0.2547480925390989,1.0,1.5999999999999996,9.699999999999998,33.0,0.5298016681790885,13,511.1704827008535,93.54289963182082,604.7133823326743,430.90000000000003
102,112,20,4.17562572087936,5.455357142857143,6.48035714285714,12.013035714285712,44.36607142857143,18.667857142857148,3.8095282130657253,17.1875,36.86528435438851,31.0,8.799999999999997,13.480000000000004,50.5,11.465673710258274,22,0.2547480925390989,1.0,1.7999999999999998,9.699999999999998,33.0,0.27872748827581917,13,467.6700807384883,76.1905642613145,543.8606449998028,386.4
103,118,13,3.802268766872081,5.567796610169491,6.577966101694911,12.028305084745764,44.271186440677965,18.39745762711865,3.546418906880621,17.220338983050848,21.862285495515607,31.0,8.799999999999997,13.480000000000004,50.5,13.770049405058504,22,0.26490083408954423,1.0,1.7999999999999998,9.699999999999998,33.0,0.19432697164029733,13,448.66771449090555,46.103445789448074,494.7711602803536,239.0
104,117,17,3.4333600985116797,5.538461538461538,6.648717948717942,12.040170940170942,44.333333333333336,17.436752136752137,3.885027364479826,17.367521367521366,21.862285495515607,31.0,8.799999999999997,13.480000000000004,50.5,14.68506069283985,23,0.26490083408954423,1.0,1.7999999999999998,9.699999999999998,33.0,0.38066625760538025,13,401.7031315258665,66.04546519615704,467.74859672202354,336.6
105,117,7,3.5398816172456753,5.384615384615385,6.664102564102557,12.018461538461537,44.35897435897436,18.205982905982903,3.810720707881702,17.41025641025641,21.862285495515607,31.0,8.599999999999998,13.480000000000004,50.5,11.754357555194911,23,0.47996562482009797,1.0,1.7999999999999998,9.699999999999998,33.0,0.0017227467914517902,13,414.166149217744,26.675044955171913,440.84119417291595,280.5
106,123,7,3.1753000304445633,5.300813008130081,6.67073170731707,12.048617886178857,44.296747967479675,17.718699186991874,3.885720327884807,17.650406504065042,21.862285495515607,31.0,8.499999999999998,13.480000000000004,50.5,8.771311180263428,23,0.47996562482009797,1.0,1.7999999999999998,9.699999999999998,33.0,0.7997895250336229,13,390.5619037446813,27.200042295193647,417.76194603987494,202.9
107,116,13,3.0310214948635474,5.241379310344827,6.803448275862062,12.12103448275862,44.34051724137931,18.261206896551727,4.0557306965617155,17.732758620689655,21.862285495515607,31.0,8.499999999999998,13.480000000000004,50.5,15.520693279444831,23,0.47996562482009797,1.0,1.7999999999999998,9.699999999999998,33.0,0.0816711327559525,13,351.5984934041715,52.724499055302296,404.3229924594738,302.1
108,112,12,3.134785633725562,5.330357142857143,6.820535714285706,12.12089285714286,44.410714285714285,18.41607142857143,2.9215668838210918,17.848214285714285,21.862285495515607,31.0,8.499999999999998,13.480000000000004,50.5,7.087104890857608,23,0.25043068669786295,1.0,1.7999999999999998,9.699999999999998,33.0,0.5008613733957259,13,351.09599097726294,35.0588026058531,386.15479358311603,351.90000000000003
109,106,12,3.123225501238175,5.462264150943396,6.8358490566037675,12.07188679245283,44.405660377358494,18.149056603773587,3.0752273630307685,17.99056603773585,21.862285495515607,31.0,8.499999999999998,13.480000000000004,50.5,16.043358309866353,23,0.25043068669786295,1.0,1.7999999999999998,9.699999999999998,33.0,0.2921985242566716,13,331.06190313124654,36.902728356369224,367.96463148761575,367.40000000000003
110,105,10,3.106011675297401,5.552380952380952,6.921904761904756,12.050666666666665,44.338095238095235,18.325714285714287,1.9539831770647011,18.095238095238095,21.862285495515607,31.0,8.499999999999998,13.420000000000003,50.5,5.385304259974355,23,0.25043068669786295,1.0,1.7999999999999998,9.699999999999998,33.0,0.22981990620655335,13,326.13122590622714,19.539831770647012,345.67105767687417,258.7
111,102,6,2.92075167020034,5.323529411764706,7.0166666666666595,12.086862745098037,44.40686274509804,19.767647058823535,5.912151754101167,18.147058823529413,18.432642177194253,31.0,8.499999999999998,13.420000000000003,50.5,21.862285495515607,23,0.25043068669786295,1.0,1.7999999999999998,9.699999999999998,33.0,0.6326266626147818,13,297.9166703604347,35.472910524607,333.3895808850417,219.9
112,92,16,2.7607419160731683,5.326086956521739,7.094565217391297,12.096956521739129,44.42934782608695,18.925,4.230363575235831,18.282608695652176,18.432642177194253,31.0,8.499999999999998,13.360000000000003,50.5,20.862285495515607,23,0.25043068669786295,1.0,1.7999999999999998,9.699999999999998,33.0,0.616105496759872,13,253.98825627873148,67.6858172037733,321.6740734825048,326.7
113,92,11,2.8329088134350067,5.173913043478261,7.061956521739125,12.12369565217391,44.67391304347826,19.559782608695656,3.7714497833829417,18.434782608695652,38.29492767270986,31.0,8.499999999999998,13.360000000000003,50.5,7.342245656989584,23,0.25043068669786295,1.0,1.7999999999999998,9.699999999999998,33.0,0.5843970485133432,13,260.6276108360206,41.48594761721236,302.11355845323294,197.20000000000002
114,89,9,2.869703228605184,5.53932584269663,7.029213483146061,12.073033707865166,44.59550561797753,21.017977528089894,2.7899911130229027,18.40449438202247,19.14746383635493,32.0,8.499999999999998,13.360000000000003,50.5,6.342245656989584,23,0.3457805522928872,1.0,1.7999999999999998,9.699999999999998,33.0,0.7613325152107605,13,255.40358734586138,25.109920017206125,280.5135073630675,251.6
115,84,13,2.7914714271168326,5.642857142857143,6.998809523809518,12.059285714285714,44.625,21.47857142857144,2.6746800460431173,18.488095238095237,19.14746383635493,32.0,8.499999999999998,13.360000000000003,50.5,12.206427289319713,23,0.3457805522928872,1.0,1.7999999999999998,9.699999999999998,33.0,0.3604805308686534,13,234.48359987781393,34.770840598560525,269.25444047637444,233.10000000000002
116,72,16,2.8307162628743767,5.680555555555555,6.970833333333331,12.038333333333332,44.74305555555556,21.176388888888887,3.37903603368357,18.36111111111111,19.14746383635493,32.0,8.399999999999999,13.360000000000003,50.5,11.206427289319713,23,0.2796733072362718,1.0,1.7999999999999998,9.699999999999998,33.0,0.4630047012012497,13,203.8115709269551,54.06457653893712,257.87614746589225,291.4
117,68,13,3.172132871360702,5.9411764705882355,6.879411764705881,11.933235294117647,44.5514705882353,21.541176470588233,1.8120289693733267,18.294117647058822,19.14746383635493,32.0,8.399999999999999,13.240000000000002,50.5,7.263368485484376,23,0.2796733072362718,1.0,1.7999999999999998,9.699999999999998,33.0,0.2110529690540437,13,215.70503525252775,23.55637660185325,239.261411854381,184.5
118,63,10,3.1884599324041214,6.2063492063492065,6.92063492063492,11.901904761904762,44.37301587301587,22.74920634920635,2.2650293624707643,18.253968253968253,19.14746383635493,32.0,8.399999999999999,13.240000000000002,50.5,6.646979438965969,23,0.2796733072362718,1.0,1.7999999999999998,9.699999999999998,33.0,0.004828379417278761,13,200.87297574145964,22.650293624707643,223.52326936616728,215.00000000000003
119,58,9,3.2038591047337297,6.310344827586207,6.968965517241378,11.884482758620688,44.4051724137931,24.162068965517246,3.2466994702152863,18.275862068965516,19.14746383635493,32.0,8.399999999999999,13.240000000000002,50.5,9.876147488115784,23,0.2796733072362718,1.0,1.7999999999999998,9.699999999999998,33.0,0.979822816168112,13,185.82382807455633,29.220295231937577,215.0441233064939,195.9
120,54,6,3.5484608101097055,6.351851851851852,6.9574074074074055,11.896666666666663,44.2962962962963,25.70555555555556,2.3414520826473275,18.37037037037037,19.14746383635493,32.0,8.299999999999999,13.240000000000002,50.5,4.1207480183732645,24,0.2796733072362718,1.0,1.7999999999999998,9.699999999999998,33.0,0.8937469232639437,13,191.6168837459241,14.048712495883965,205.66559624180806,186.60000000000002
121,50,9,3.4544599834034817,6.72,6.991999999999998,11.817999999999998,44.09,24.436,2.528598800198636,18.38,19.14746383635493,32.0,8.299999999999999,13.240000000000002,50.5,5.185373284957539,24,0.2796733072362718,1.0,1.9,9.699999999999998,33.0,0.5434489768243305,13,172.7229991701741,22.757389201787724,195.48038837196182,148.20000000000002
122,46,6,3.6415674927977846,6.782608695652174,6.984782608695654,11.826521739130436,44.08695652173913,27.191304347826087,3.2906563626679053,18.456521739130434,19.14746383635493,32.0,8.299999999999999,13.240000000000002,50.5,9.315713541245199,24,0.2796733072362718,1.0,1.9,9.699999999999998,33.0,0.3908720046323777,13,167.5121046686981,19.743938176007433,187.25604284470552,167.40000000000003
123,39,8,3.787439922913709,7.358974358974359,6.915384615384618,11.683589743589744,44.03846153846154,28.787179487179493,4.269376730804814,18.564102564102566,19.14746383635493,32.0,8.299999999999999,13.240000000000002,50.5,18.250204855224368,24,0.2796733072362718,1.0,1.9,9.699999999999998,33.0,0.5939146697549185,13,147.71015699363466,34.155013846438514,181.86517084007318,172.60000000000002
124,30,13,3.305609502876368,6.4,7.083333333333334,11.792666666666667,44.45,28.04,5.648422523260712,19.0,19.14746383635493,31.0,8.299999999999999,13.240000000000002,51.0,18.432642177194253,24,0.2796733072362718,1.0,2.0,9.699999999999998,33.0,0.5593466144725436,13,99.16828508629105,73.42949280238926,172.5977778886803,163.60000000000002
125,28,12,3.260417631175828,6.25,7.150000000000003,11.882857142857143,44.57142857142857,26.460714285714285,5.613224283505641,18.964285714285715,19.14746383635493,31.0,8.299999999999999,13.240000000000002,51.0,17.432642177194253,24,0.2796733072362718,1.0,2.0,9.699999999999998,33.0,0.4124457732884732,13,91.29169367292319,67.35869140206769,158.65038507499088,8.700000000000001
126,27,9,3.6055026545920876,6.111111111111111,7.196296296296297,11.961481481481483,45.0,27.833333333333332,5.473566427513433,19.14814814814815,19.14746383635493,31.0,8.299999999999999,13.240000000000002,51.0,16.432642177194253,24,0.2796733072362718,1.0,2.0,9.699999999999998,33.5,0.11638470637952869,13,97.34857167398637,49.26209784762089,146.61066952160726,22.400000000000002
127,25,7,2.7229087761278006,5.28,7.352,12.033600000000002,44.58,23.624000000000002,9.639028600198248,19.52,9.216321088597127,30.0,8.299999999999999,13.240000000000002,51.0,34.580106013549184,24,0.2796733072362718,1.0,5.9,9.699999999999998,33.5,0.5967836540056064,13,68.07271940319501,67.47320020138774,135.54591960458276,41.9
128,25,6,3.0586442112844465,4.8,7.392000000000003,12.160800000000002,45.1,22.12,8.513677461524999,19.92,27.372865159338666,30.0,8.299999999999999,13.240000000000002,51.0,33.580106013549184,24,0.2796733072362718,1.0,5.9,9.699999999999998,33.5,0.04512054586043179,14,76.46610528211116,51.082064769149994,127.54817005126115,33.199999999999996
129,25,5,2.8881389425762722,5.24,7.308000000000001,12.021600000000001,44.78,22.627999999999997,8.69127193023185,19.6,13.686432579669333,30.0,8.299999999999999,13.240000000000002,51.0,32.580106013549184,24,0.2796733072362718,1.0,5.9,9.639999999999997,33.5,0.5601818558388554,14,72.2034735644068,43.45635965115925,115.65983321556605,38.699999999999996
130,25,3,3.980002884822426,5.52,7.264000000000002,11.9648,44.18,21.908,2.5496872213227597,19.48,40.79642710214631,30.0,8.299999999999999,13.240000000000002,51.0,4.587740962958571,24,0.2796733072362718,1.0,5.9,9.639999999999997,33.5,0.901639650185808,14,99.50007212056065,7.649061663968279,107.14913378452893,14.0
131,23,2,3.977714011850381,5.565217391304348,7.29130434782609,12.007826086956522,44.32608695652174,23.434782608695652,6.380035930892171,19.391304347826086,40.79642710214631,30.0,8.299999999999999,13.240000000000002,51.0,7.514780646244002,24,0.2796733072362718,1.0,5.9,9.639999999999997,33.5,5.245291215540339,14,91.48742227255876,12.760071861784342,104.2474941343431,57.3
132,21,5,3.3037243657085376,6.714285714285714,7.285714285714288,11.960952380952381,44.357142857142854,21.5,4.53403513578545,19.142857142857142,20.398213551073155,31.0,8.299999999999999,13.240000000000002,50.5,8.002897340658567,24,0.2796733072362718,1.0,5.9,9.639999999999997,33.5,1.803279300371616,14,69.37821167987929,22.67017567892725,92.04838735880654,49.599999999999994
133,21,2,3.773438605608398,6.714285714285714,7.285714285714287,11.960952380952381,44.357142857142854,22.452380952380956,3.9030883205150917,19.142857142857142,25.912994197317158,31.0,8.299999999999999,13.240000000000002,50.5,7.002897340658567,24,0.2796733072362718,1.0,5.9,9.639999999999997,33.5,0.8032793003716161,14,79.24221071777636,7.806176641030183,87.04838735880654,0.0
134,20,1,2.9666056930558886,5.55,7.250000000000002,12.009000000000002,44.6,23.575000000000003,25.912994197317158,19.4,10.21539723724391,31.0,8.299999999999999,13.240000000000002,50.5,25.912994197317158,24,0.2796733072362718,1.0,5.9,9.639999999999997,33.5,25.912994197317158,15,59.332113861117776,25.912994197317158,85.24510805843494,23.9
135,19,2,3.883185312472784,5.842105263157895,7.2210526315789485,11.993684210526316,43.55263157894737,20.55263157894737,3.955368906070527,19.210526315789473,26.124047166371202,31.0,8.299999999999999,13.240000000000002,50.5,5.085846265564108,24,0.2796733072362718,1.0,5.9,9.639999999999997,33.5,2.8248915465769464,15,73.7805209369829,7.910737812141054,81.69125874912395,0.0
136,18,2,2.7489647398438133,6.055555555555555,7.183333333333334,11.95111111111111,43.19444444444444,20.527777777777782,15.104946715967655,19.055555555555557,10.199106775536578,31.0,8.299999999999999,13.240000000000002,50.5,26.124047166371202,24,0.2796733072362718,1.0,5.9,9.639999999999997,33.5,4.085846265564108,15,49.48136531718864,30.20989343193531,79.69125874912395,15.8
137,18,2,3.969673202395043,6.222222222222222,7.138888888888889,11.863333333333337,43.111111111111114,18.66111111111111,2.4050167183120057,19.0,35.323153941907776,31.0,8.299999999999999,13.240000000000002,50.5,3.0858462655641077,24,0.2796733072362718,1.0,5.9,9.639999999999997,33.5,1.7241871710599035,15,71.45411764311078,4.810033436624011,76.26415107973479,0.0
138,18,3,3.3205063232697514,7.666666666666667,7.194444444444446,11.853333333333333,42.55555555555556,16.866666666666667,1.8880829251341071,18.77777777777778,17.661576970953888,31.0,8.299999999999999,13.240000000000002,50.5,2.8542153387783102,24,0.2796733072362718,1.0,5.9,9.639999999999997,33.5,0.7241871710599035,15,59.76911381885552,5.664248775402322,65.43336259425784,7.3000000000000025
139,17,2,3.531325568691974,8.0,7.129411764705884,11.775294117647059,42.55882352941177,16.341176470588238,1.338320377717195,18.529411764705884,17.661576970953888,31.0,8.1,13.240000000000002,50.5,1.5907944898702824,24,0.2796733072362718,1.0,5.9,9.639999999999997,33.5,1.0858462655641077,15,60.03253466776356,2.67664075543439,62.70917542319795,0.0
140,16,3,3.6857268508234706,8.375,7.081250000000001,11.691250000000002,42.15625,17.225,0.5791819366741375,18.5625,17.661576970953888,31.0,8.1,13.240000000000002,50.5,1.0609050545880225,24,0.2796733072362718,1.0,5.9,9.639999999999997,33.5,0.08584626556410768,15,58.97162961317553,1.7375458100224126,60.70917542319794,30.1
141,16,0,3.689533416735222,8.375,7.081250000000001,11.691250000000002,42.15625,20.5625,0.0,18.5625,17.661576970953888,31.0,8.1,13.240000000000002,50.5,0.0,24,0.3136348900475678,1.0,5.9,9.639999999999997,33.5,0.0,15,59.03253466776355,0.0,59.03253466776355,37.400000000000006
142,16,0,3.689533416735222,8.375,7.081250000000001,11.691250000000002,42.15625,23.44375,0.0,18.5625,17.661576970953888,31.0,8.1,13.240000000000002,50.5,0.0,24,0.3136348900475678,1.0,5.9,9.639999999999997,33.5,0.0,15,59.03253466776355,0.0,59.03253466776355,30.1
143,16,0,3.689533416735222,8.375,7.081250000000001,11.691250000000002,42.15625,26.78125,0.0,18.5625,17.661576970953888,31.0,8.1,13.240000000000002,50.5,0.0,24,0.3136348900475678,1.0,5.9,9.639999999999997,33.5,0.0,15,59.03253466776355,0.0,59.03253466776355,37.400000000000006
144,13,3,3.5657816834951155,7.769230769230769,6.938461538461539,11.54769230769231,41.46153846153846,24.73846153846154,4.22579092744235,18.307692307692307,17.661576970953888,31.0,8.1,13.240000000000002,49.0,8.830788485476944,24,0.3136348900475678,1.0,5.9,9.639999999999997,33.5,0.8620935855299517,15,46.3551618854365,12.677372782327051,59.03253466776356,30.1
145,13,1,3.7184348151351276,7.769230769230769,6.938461538461539,11.54769230769231,41.46153846153846,25.73846153846154,7.830788485476944,18.307692307692307,17.661576970953888,31.0,8.1,13.240000000000002,49.0,7.830788485476944,24,0.3136348900475678,1.0,5.9,9.639999999999997,33.5,7.830788485476944,15,48.33965259675666,7.830788485476944,56.1704410822336,0.0
146,13,1,3.7184348151351276,7.769230769230769,6.938461538461539,11.54769230769231,41.46153846153846,26.73846153846154,6.830788485476944,18.307692307692307,17.661576970953888,31.0,8.1,13.240000000000002,49.0,6.830788485476944,24,0.3136348900475678,1.0,5.9,9.639999999999997,33.5,6.830788485476944,15,48.33965259675666,6.830788485476944,55.1704410822336,0.0
147,11,3,3.8274253277811683,8.090909090909092,7.0,11.572727272727274,41.63636363636363,25.363636363636363,4.022920825546914,18.545454545454547,17.661576970953888,31.0,8.1,13.240000000000002,49.0,5.830788485476944,24,0.3136348900475678,1.0,5.9,9.639999999999997,33.5,1.1302753725418448,15,42.10167860559285,12.068762476640744,54.170441082233594,0.0
148,11,3,3.8274253277811696,8.090909090909092,7.0,11.572727272727274,41.63636363636363,28.41818181818182,3.022920825546915,18.545454545454547,17.661576970953888,31.0,8.1,13.240000000000002,49.0,4.830788485476944,24,0.3136348900475678,1.0,5.9,9.639999999999997,33.5,0.13027537254184485,15,42.101678605592866,9.068762476640744,51.17044108223361,22.600000000000005
149,9,3,4.686698927615134,9.222222222222221,6.911111111111111,11.417777777777777,40.05555555555556,27.766666666666666,2.2866251203851866,18.333333333333332,21.492365456430832,31.0,8.1,13.180000000000001,48.5,3.41159838070931,24,0.3136348900475678,1.0,5.9,9.639999999999997,33.5,0.34057836182429435,15,42.180290348536204,6.859875361155559,49.04016570969176,37.400000000000006
150,9,1,4.920887663017573,9.222222222222221,6.911111111111111,11.417777777777777,40.05555555555556,28.766666666666666,2.41159838070931,18.333333333333332,21.492365456430832,31.0,8.1,13.180000000000001,48.5,2.41159838070931,24,0.3136348900475678,1.0,5.9,9.639999999999997,33.5,2.41159838070931,15,44.28798896715816,2.41159838070931,46.699587347867464,0.0
151,9,0,5.077731927540829,9.222222222222221,6.911111111111111,11.417777777777777,40.05555555555556,29.766666666666666,0.0,18.333333333333332,21.492365456430832,31.0,8.1,13.180000000000001,48.5,0.0,24,0.3136348900475678,1.0,5.9,9.639999999999997,33.5,0.0,15,45.699587347867464,0.0,45.699587347867464,0.0
152,7,2,6.401566984476597,11.428571428571429,6.714285714285714,10.93142857142857,38.857142857142854,26.785714285714285,0.4443092282656438,17.285714285714285,21.492365456430832,31.0,7.9,13.120000000000001,48.5,0.5749835664837197,21,0.5475581819296742,2.0,5.9,9.639999999999997,33.5,0.3136348900475678,15,44.81096889133618,0.8886184565312876,45.69958734786747,0.0
153,7,0,6.401566984476597,11.428571428571429,6.714285714285714,10.93142857142857,38.857142857142854,27.785714285714285,0.0,17.285714285714285,21.492365456430832,31.0,7.9,13.120000000000001,48.5,0.0,21,0.5475581819296742,2.0,5.9,9.639999999999997,33.5,0.0,15,44.81096889133618,0.0,44.81096889133618,0.0
154,7,0,6.401566984476597,11.428571428571429,6.714285714285714,10.93142857142857,38.857142857142854,28.785714285714285,0.0,17.285714285714285,21.492365456430832,31.0,7.9,13.120000000000001,48.5,0.0,21,0.5475581819296742,2.0,5.9,9.639999999999997,33.5,0.0,15,44.81096889133618,0.0,44.81096889133618,0.0
155,7,0,6.401566984476597,11.428571428571429,6.714285714285714,10.93142857142857,38.857142857142854,29.785714285714285,0.0,17.285714285714285,21.492365456430832,31.0,7.9,13.120000000000001,48.5,0.0,21,0.5475581819296742,2.0,5.9,9.639999999999997,33.5,0.0,15,44.81096889133618,0.0,44.81096889133618,0.0
156,7,0,6.401566984476597,11.428571428571429,6.714285714285714,10.93142857142857,38.857142857142854,30.785714285714285,0.0,17.285714285714285,21.492365456430832,31.0,7.9,13.120000000000001,48.5,0.0,21,0.5475581819296742,2.0,5.9,9.639999999999997,33.5,0.0,15,44.81096889133618,0.0,44.81096889133618,0.0
157,7,0,6.401566984476597,11.428571428571429,6.714285714285714,10.93142857142857,38.857142857142854,31.785714285714285,0.0,17.285714285714285,21.492365456430832,31.0,7.9,13.120000000000001,48.5,0.0,21,0.5475581819296742,2.0,5.9,9.639999999999997,33.5,0.0,15,44.81096889133618,0.0,44.81096889133618,0.0
158,6,1,3.8864339058175577,8.166666666666666,6.516666666666668,10.909999999999998,38.833333333333336,31.599999999999998,21.492365456430832,17.666666666666668,8.950914908456621,12.0,7.800000000000001,13.120000000000001,48.5,21.492365456430832,21,0.5475581819296742,2.0,5.9,9.639999999999997,33.5,21.492365456430832,15,23.318603434905345,21.492365456430832,44.810968891336174,0.0
159,5,2,4.268373473585022,9.2,6.34,10.467999999999998,37.3,29.8,11.234550761705533,17.2,8.950914908456621,12.0,7.800000000000001,13.120000000000001,48.5,20.492365456430832,21,0.5475581819296742,2.0,5.9,9.639999999999997,33.5,1.9767360669802323,15,21.34186736792511,22.469101523411066,43.810968891336174,0.0
160,5,2,4.268373473585022,9.2,6.34,10.467999999999998,37.3,30.8,10.234550761705533,17.2,8.950914908456621,12.0,7.800000000000001,13.120000000000001,48.5,19.492365456430832,21,0.5475581819296742,2.0,5.9,9.639999999999997,33.5,0.9767360669802323,15,21.34186736792511,20.469101523411066,41.810968891336174,0.0
161,5,1,4.268373473585022,9.2,6.34,10.467999999999998,37.3,31.8,18.492365456430832,17.2,8.950914908456621,12.0,7.800000000000001,13.120000000000001,48.5,18.492365456430832,21,0.5475581819296742,2.0,5.9,9.639999999999997,33.5,18.492365456430832,15,21.34186736792511,18.492365456430832,39.834232824355944,0.0
162,5,1,4.268373473585022,9.2,6.34,10.467999999999998,37.3,32.8,17.492365456430832,17.2,8.950914908456621,12.0,7.800000000000001,13.120000000000001,48.5,17.492365456430832,21,0.5475581819296742,2.0,5.9,9.639999999999997,33.5,17.492365456430832,15,21.34186736792511,17.492365456430832,38.834232824355944,0.0
163,3,3,2.174338545385995,8.333333333333334,6.533333333333334,10.9,39.0,33.0,10.437072396065988,16.666666666666668,3.4216081449173332,12.0,7.800000000000001,13.120000000000001,48.5,16.492365456430832,19,0.5475581819296742,2.0,5.9,9.759999999999998,33.5,5.867936823310509,15,6.523015636157985,31.31121718819796,37.834232824355944,0.0
164,2,4,1.5507037456203259,6.5,6.8500000000000005,11.469999999999999,41.75,34.0,7.933206333278823,17.5,2.5538493093109773,11.0,7.800000000000001,13.120000000000001,48.5,15.492365456430832,19,0.5475581819296742,2.0,5.9,9.819999999999999,35.0,3.4216081449173332,16,3.1014074912406517,31.732825333115294,34.834232824355944,0.0
165,2,3,5.0261611998486355,6.5,6.8500000000000005,11.469999999999999,41.75,35.0,6.927303474886224,17.5,9.504764217767598,11.0,7.800000000000001,13.120000000000001,48.5,14.492365456430832,19,0.5475581819296742,2.0,5.9,9.819999999999999,35.0,2.4216081449173332,16,10.052322399697271,20.781910424658673,30.834232824355944,0.0
166,2,3,5.0261611998486355,6.5,6.8500000000000005,11.469999999999999,41.75,36.0,5.927303474886224,17.5,9.504764217767598,11.0,7.800000000000001,13.120000000000001,48.5,13.492365456430832,19,0.5475581819296742,2.0,5.9,9.819999999999999,35.0,1.4216081449173332,16,10.052322399697271,17.781910424658673,27.834232824355944,0.0
167,2,3,5.0261611998486355,6.5,6.8500000000000005,11.469999999999999,41.75,37.0,4.927303474886224,17.5,9.504764217767598,11.0,7.800000000000001,13.120000000000001,48.5,12.492365456430832,19,0.5475581819296742,2.0,5.9,9.819999999999999,35.0,0.4216081449173332,16,10.052322399697271,14.781910424658673,24.834232824355944,0.0
168,2,2,5.0261611998486355,6.5,6.8500000000000005,11.469999999999999,41.75,38.0,6.18015113987067,17.5,9.504764217767598,11.0,7.800000000000001,13.120000000000001,48.5,11.492365456430832,19,0.5475581819296742,2.0,5.9,9.819999999999999,35.0,0.8679368233105089,16,10.052322399697271,12.36030227974134,22.41262467943861,0.0
169,2,1,5.0261611998486355,6.5,6.8500000000000005,11.469999999999999,41.75,39.0,10.492365456430832,17.5,9.504764217767598,11.0,7.800000000000001,13.120000000000001,48.5,10.492365456430832,19,0.5475581819296742,2.0,5.9,9.819999999999999,35.0,10.492365456430832,16,10.052322399697271,10.492365456430832,20.544687856128103,0.0
170,1,2,0.5475581819296742,2.0,7.800000000000001,13.120000000000001,48.5,45.0,9.498564837099215,19.0,0.5475581819296742,2.0,7.800000000000001,13.120000000000001,48.5,9.504764217767598,19,0.5475581819296742,2.0,7.800000000000001,13.120000000000001,48.5,9.492365456430832,19,0.5475581819296742,18.99712967419843,19.544687856128103,0.0
171,1,2,0.5475581819296742,2.0,7.800000000000001,13.120000000000001,48.5,46.0,8.498564837099215,19.0,0.5475581819296742,2.0,7.800000000000001,13.120000000000001,48.5,8.504764217767598,19,0.5475581819296742,2.0,7.800000000000001,13.120000000000001,48.5,8.492365456430832,19,0.5475581819296742,16.99712967419843,17.544687856128103,0.0
172,1,2,0.5475581819296742,2.0,7.800000000000001,13.120000000000001,48.5,47.0,7.498564837099215,19.0,0.5475581819296742,2.0,7.800000000000001,13.120000000000001,48.5,7.5047642177675975,19,0.5475581819296742,2.0,7.800000000000001,13.120000000000001,48.5,7.492365456430832,19,0.5475581819296742,14.99712967419843,15.544687856128103,0.0
173,1,2,0.5475581819296742,2.0,7.800000000000001,13.120000000000001,48.5,48.0,6.498564837099215,19.0,0.5475581819296742,2.0,7.800000000000001,13.120000000000001,48.5,6.5047642177675975,19,0.5475581819296742,2.0,7.800000000000001,13.120000000000001,48.5,6.492365456430832,19,0.5475581819296742,12.99712967419843,13.544687856128103,0.0
174,0,3,0.0,0.0,0.0,0.0,0.0,0.0,3.8482292853760343,0.0,0.0,0.0,0.0,0.0,0.0,5.5047642177675975,0,0.0,0.0,0.0,0.0,0.0,0.5475581819296742,0,0.0,11.544687856128103,11.544687856128103,0.0
